list,count,frequency
monte carlo method,0,0
recommendation engine,2,0.000164069
association rule,0,0
rule induction,0,0
problem solving,735,0.060295324
cluster analysi,5,0.000410172
strategy,838,0.068744873
factor analysi,6,0.000492207
decision tree,22,0.001804758
tabular data,2,0.000164069
visualization,296,0.024282199
database,613,0.050287121
clustering,30,0.002461034
ensemble method,3,0.000246103
deep learning,14,0.001148482
random forest,4,0.000328138
evolutionary approache,0,0
speech recognition,0,0
markov logic networksnaive baye,0,0
recommender system,2,0.000164069
text analytic,4,0.000328138
supervised machine learning,1,8.20E-05
investment banking,46,0.003773585
computer vision,7,0.000574241
bayesian method,0,0
vendor management,31,0.002543068
customer oriented,9,0.00073831
mars,6,0.000492207
busine,2209,0.18121411
collaborative filtering,3,0.000246103
neural network,14,0.001148482
knn,0,0
reinforcement learning,1,8.20E-05
architecture,337,0.027645611
hmm,0,0
proprietary algorithm,0,0
gradient boosting,0,0
data visualization,181,0.014848236
outlier detection,0,0
gan,1560,0.127973749
natural language processing,13,0.001066448
time series analysi,13,0.001066448
business intelligence,520,0.042657916
pca,2,0.000164069
svm,1,8.20E-05
business requirement,349,0.028630025
managerial skillsdata driven,0,0
neural net,15,0.001230517
hidden markov models hmm,0,0
a/b testing,0,0
change management,137,0.01123872
uplift modeling,0,0
simulation,35,0.002871206
adversarial learning,0,0
pca dimensionality reduction,0,0
enterprise,535,0.043888433
stakeholder management,22,0.001804758
lift analysi,0,0
data analysi,378,0.031009024
statistic,546,0.044790812
markov logic network,0,0
survival analysi,4,0.000328138
commerce,385,0.031583265
enterprise tool,1,8.20E-05
relationship management,101,0.00828548
cross validation,0,0
logistic regression,12,0.000984413
bagging,1,8.20E-05
project coordination,15,0.001230517
agile project management,5,0.000410172
segmentation,92,0.00754717
naive baye,0,0
hidden markov model,0,0
financial analysi,52,0.004265792
link analysi,4,0.000328138
bayesian technique,0,0
evolutionary algorithm,0,0
decis making,0,0
data insight,57,0.004675964
machine translation,0,0
automation,194,0.015914684
prescriptive modeling,0,0
unsupervised learning,2,0.000164069
gradient boosted machine,0,0
mooc,0,0
strategy management,7,0.000574241
business proce,417,0.034208368
business administration,99,0.008121411
fraud detection,5,0.000410172
regression,83,0.00680886
cnn,1,8.20E-05
support vector machine,2,0.000164069
rnn,0,0
networking,47,0.003855619
text mining,4,0.000328138
boosting,1,8.20E-05
customer service,339,0.02780968
asset management,59,0.004840033
genetic & evolutionary algorithm,0,0
social network analysi,2,0.000164069
kaggle ranking,0,0
project management,609,0.049958983
time serie,37,0.003035275
dimensionality reduction,0,0
genetic algorithm,6,0.000492207
