list,count,frequency
monte carlo method,0,0
recommendation engine,23,0.001814453
association rule,7,0.000552225
rule induction,0,0
cluster analysi,18,0.001420006
factor analysi,9,0.000710003
decision tree,57,0.004496687
large scale data,107,0.008441149
visualization,510,0.040233512
tabular data,10,0.000788892
clustering,108,0.008520038
querying,77,0.006074471
ensemble method,16,0.001262228
deep learning,167,0.013174503
random forest,27,0.002130009
evolutionary approache,0,0
pipeline,347,0.027374566
speech recognition,8,0.000631114
feature engineering,45,0.003550016
cloud computing,126,0.009940044
predictive analytic,178,0.014042285
markov logic networksnaive baye,0,0
recommender system,7,0.000552225
consulting,301,0.023745661
data modeling,356,0.028084569
text analytic,36,0.002840013
relational database,332,0.026191228
supervised machine learning,12,0.000946671
computer vision,89,0.007021142
bayesian method,12,0.000946671
accounting,97,0.007652256
mars,5,0.000394446
data engineering,139,0.010965604
collaborative filtering,14,0.001104449
neural network,83,0.006547807
knn,0,0
reinforcement learning,15,0.001183339
hmm,2,0.000157778
proprietary algorithm,7,0.000552225
gradient boosting,8,0.000631114
data visualization,310,0.024455664
structured data,156,0.012306721
data architecture,204,0.016093405
outlier detection,3,0.000236668
gan,1380,0.108867151
natural language processing,145,0.01143894
finance,317,0.025007889
time series analysi,34,0.002682234
business intelligence,455,0.035894604
pca,8,0.000631114
svm,30,0.002366677
decision making,301,0.023745661
neural net,85,0.006705585
hidden markov models hmm,0,0
a/b testing,0,0
quantitative,454,0.035815715
product design,38,0.002997791
marketing,510,0.040233512
uplift modeling,0,0
simulation,79,0.00623225
adversarial learning,0,0
pca dimensionality reduction,0,0
machine learning,985,0.077705901
lift analysi,0,0
data analysi,614,0.048437993
markov logic network,0,0
survival analysi,17,0.001341117
data management,399,0.031476807
enterprise tool,6,0.000473335
strategic management,0,0
identify data,45,0.003550016
data structure,180,0.014200063
financial engineering,9,0.000710003
pattern recognition,27,0.002130009
cross validation,3,0.000236668
digital marketing,36,0.002840013
logistic regression,40,0.00315557
bagging,1,7.89E-05
segmentation,117,0.009230041
naive baye,12,0.000946671
unstructured data,100,0.007888924
hidden markov model,5,0.000394446
link analysi,0,0
bayesian technique,0,0
evolutionary algorithm,0,0
machine translation,0,0
automation,369,0.029110129
agile methodology,43,0.003392237
warehousing,286,0.022562322
prescriptive modeling,0,0
unsupervised learning,19,0.001498896
troubleshooting,308,0.024297886
gradient boosted machine,0,0
mooc,3,0.000236668
data base,56,0.004417797
fraud detection,18,0.001420006
regression,253,0.019958978
cnn,15,0.001183339
support vector machine,5,0.000394446
rnn,16,0.001262228
text mining,21,0.001656674
boosting,19,0.001498896
genetic & evolutionary algorithm,0,0
data warehouse,427,0.033685705
social network analysi,9,0.000710003
kaggle ranking,0,0
project management,252,0.019880088
time serie,85,0.006705585
dimensionality reduction,6,0.000473335
genetic algorithm,6,0.000473335
